,Time,-x,+x,2x,-y,+y,2y
0,2023/02/14 20:49:07,-30.695775203034113,31.195498436620177,61.89127363965429,-19.661848244335225,20.26203345361701,39.92388169795224
1,2023/02/14 20:49:11,-30.695775203034113,31.2286275303399,61.92440273337401,-19.742136258261446,20.26203345361701,40.00416971187846
2,2023/02/14 20:49:15,-30.695775203034113,31.2286275303399,61.92440273337401,-19.702002323222228,20.26203345361701,39.96403577683924
3,2023/02/14 20:49:19,-30.695775203034113,31.2286275303399,61.92440273337401,-19.661848244335225,20.26203345361701,39.92388169795224
4,2023/02/14 20:49:23,-30.695775203034113,31.2286275303399,61.92440273337401,-19.661848244335225,20.26203345361701,39.92388169795224
5,2023/02/14 20:49:28,-30.695775203034113,31.195498436620177,61.89127363965429,-19.661848244335225,20.26203345361701,39.92388169795224
6,2023/02/14 20:49:32,-30.695775203034113,31.195498436620177,61.89127363965429,-19.661848244335225,20.26203345361701,39.92388169795224
7,2023/02/14 20:49:36,-30.695775203034113,31.2286275303399,61.92440273337401,-19.661848244335225,20.26203345361701,39.92388169795224
8,2023/02/14 20:49:40,-30.695775203034113,31.195498436620177,61.89127363965429,-19.742136258261446,20.26203345361701,40.00416971187846
9,2023/02/14 20:49:44,-30.695775203034113,31.2286275303399,61.92440273337401,-19.742136258261446,20.26203345361701,40.00416971187846
10,2023/02/14 20:49:48,-30.695775203034113,31.2286275303399,61.92440273337401,-19.661848244335225,20.26203345361701,39.92388169795224
11,2023/02/14 20:49:52,-30.695775203034113,31.2286275303399,61.92440273337401,-19.661848244335225,20.26203345361701,39.92388169795224
12,2023/02/14 20:49:56,-30.695775203034113,31.2286275303399,61.92440273337401,-19.742136258261446,20.26203345361701,40.00416971187846
13,2023/02/14 20:50:00,-30.695775203034113,31.2286275303399,61.92440273337401,-19.702002323222228,20.26203345361701,39.96403577683924
14,2023/02/14 20:50:04,-30.695775203034113,31.2286275303399,61.92440273337401,-19.661848244335225,20.26203345361701,39.92388169795224
15,2023/02/14 20:50:09,-30.695775203034113,31.195498436620177,61.89127363965429,-19.661848244335225,20.26203345361701,39.92388169795224
16,2023/02/14 20:50:13,-30.662274452153873,31.2286275303399,61.89090198249377,-19.661848244335225,20.26203345361701,39.92388169795224
17,2023/02/14 20:50:17,-30.695775203034113,31.2286275303399,61.92440273337401,-19.742136258261446,20.26203345361701,40.00416971187846
18,2023/02/14 20:50:21,-30.695775203034113,31.2286275303399,61.92440273337401,-19.661848244335225,20.26203345361701,39.92388169795224
19,2023/02/14 20:50:25,-30.695775203034113,31.2286275303399,61.92440273337401,-19.661848244335225,20.26203345361701,39.92388169795224
20,2023/02/14 20:50:29,-30.695775203034113,31.2286275303399,61.92440273337401,-19.661848244335225,20.26203345361701,39.92388169795224
21,2023/02/14 20:50:33,-30.695775203034113,31.2286275303399,61.92440273337401,-19.661848244335225,20.26203345361701,39.92388169795224
22,2023/02/14 20:50:37,-30.695775203034113,31.195498436620177,61.89127363965429,-19.661848244335225,20.26203345361701,39.92388169795224
23,2023/02/14 20:50:41,-30.695775203034113,31.2286275303399,61.92440273337401,-19.661848244335225,20.26203345361701,39.92388169795224
24,2023/02/14 20:50:45,-30.695775203034113,31.2286275303399,61.92440273337401,-19.661848244335225,20.26203345361701,39.92388169795224
25,2023/02/14 20:50:49,-30.695775203034113,31.2286275303399,61.92440273337401,-19.661848244335225,20.26203345361701,39.92388169795224
26,2023/02/14 20:50:54,-30.695775203034113,31.2286275303399,61.92440273337401,-19.661848244335225,20.26203345361701,39.92388169795224
27,2023/02/14 20:50:58,-30.695775203034113,31.195498436620177,61.89127363965429,-19.742136258261446,20.26203345361701,40.00416971187846
28,2023/02/14 20:51:02,-30.695775203034113,31.2286275303399,61.92440273337401,-19.661848244335225,20.26203345361701,39.92388169795224
29,2023/02/14 20:51:06,-30.695775203034113,31.2286275303399,61.92440273337401,-19.661848244335225,20.26203345361701,39.92388169795224
30,2023/02/14 20:51:10,-30.695775203034113,31.2286275303399,61.92440273337401,-19.661848244335225,20.26203345361701,39.92388169795224
31,2023/02/14 20:51:14,-30.695775203034113,31.2286275303399,61.92440273337401,-19.661848244335225,20.26203345361701,39.92388169795224
32,2023/02/14 20:51:18,-30.695775203034113,31.195498436620177,61.89127363965429,-19.661848244335225,20.26203345361701,39.92388169795224
33,2023/02/14 20:51:22,-30.695775203034113,31.195498436620177,61.89127363965429,-19.661848244335225,20.26203345361701,39.92388169795224
34,2023/02/14 20:51:26,-30.695775203034113,31.195498436620177,61.89127363965429,-19.661848244335225,20.26203345361701,39.92388169795224
35,2023/02/14 20:51:30,-30.695775203034113,31.195498436620177,61.89127363965429,-19.661848244335225,20.26203345361701,39.92388169795224
36,2023/02/14 20:51:35,-30.695775203034113,31.2286275303399,61.92440273337401,-19.742136258261446,20.26203345361701,40.00416971187846
37,2023/02/14 20:51:39,-30.695775203034113,31.2286275303399,61.92440273337401,-19.661848244335225,20.26203345361701,39.92388169795224
38,2023/02/14 20:51:43,-30.695775203034113,31.195498436620177,61.89127363965429,-19.661848244335225,20.26203345361701,39.92388169795224
39,2023/02/14 20:51:47,-30.695775203034113,31.2286275303399,61.92440273337401,-19.661848244335225,20.26203345361701,39.92388169795224
40,2023/02/14 20:51:51,-30.695775203034113,31.195498436620177,61.89127363965429,-19.661848244335225,20.26203345361701,39.92388169795224
41,2023/02/14 20:51:55,-30.695775203034113,31.195498436620177,61.89127363965429,-19.661848244335225,20.26203345361701,39.92388169795224
42,2023/02/14 20:51:59,-30.695775203034113,31.195498436620177,61.89127363965429,-19.661848244335225,20.26203345361701,39.92388169795224
43,2023/02/14 20:52:03,-30.662274452153873,31.2286275303399,61.89090198249377,-19.661848244335225,20.26203345361701,39.92388169795224
44,2023/02/14 20:52:07,-30.695775203034113,31.195498436620177,61.89127363965429,-19.661848244335225,20.26203345361701,39.92388169795224
45,2023/02/14 20:52:11,-30.695775203034113,31.2286275303399,61.92440273337401,-19.661848244335225,20.26203345361701,39.92388169795224
46,2023/02/14 20:52:16,-30.695775203034113,31.195498436620177,61.89127363965429,-19.661848244335225,20.26203345361701,39.92388169795224
47,2023/02/14 20:52:20,-30.695775203034113,31.195498436620177,61.89127363965429,-19.661848244335225,20.26203345361701,39.92388169795224
48,2023/02/14 20:52:24,-30.662274452153873,31.2286275303399,61.89090198249377,-19.661848244335225,20.26203345361701,39.92388169795224
49,2023/02/14 20:52:28,-30.695775203034113,31.195498436620177,61.89127363965429,-19.661848244335225,20.26203345361701,39.92388169795224
50,2023/02/14 20:52:32,-30.695775203034113,31.195498436620177,61.89127363965429,-19.661848244335225,20.26203345361701,39.92388169795224
51,2023/02/14 20:52:36,-30.695775203034113,31.195498436620177,61.89127363965429,-19.661848244335225,20.26203345361701,39.92388169795224
52,2023/02/14 20:52:40,-30.695775203034113,31.195498436620177,61.89127363965429,-19.661848244335225,20.26203345361701,39.92388169795224
53,2023/02/14 20:52:44,-30.695775203034113,31.2286275303399,61.92440273337401,-19.661848244335225,20.26203345361701,39.92388169795224
54,2023/02/14 20:52:48,-30.695775203034113,31.195498436620177,61.89127363965429,-19.661848244335225,20.26203345361701,39.92388169795224
55,2023/02/14 20:52:52,-30.695775203034113,31.195498436620177,61.89127363965429,-19.661848244335225,20.26203345361701,39.92388169795224
56,2023/02/14 20:52:57,-30.695775203034113,31.195498436620177,61.89127363965429,-19.742136258261446,20.26203345361701,40.00416971187846
57,2023/02/14 20:53:01,-30.695775203034113,31.195498436620177,61.89127363965429,-19.661848244335225,20.26203345361701,39.92388169795224
58,2023/02/14 20:53:05,-30.662274452153873,31.195498436620177,61.85777288877405,-19.661848244335225,20.26203345361701,39.92388169795224
59,2023/02/14 20:53:09,-30.695775203034113,31.195498436620177,61.89127363965429,-19.661848244335225,20.26203345361701,39.92388169795224
60,2023/02/14 20:53:13,-30.695775203034113,31.195498436620177,61.89127363965429,-19.661848244335225,20.26203345361701,39.92388169795224
61,2023/02/14 20:53:17,-30.695775203034113,31.195498436620177,61.89127363965429,-19.661848244335225,20.26203345361701,39.92388169795224
62,2023/02/14 20:53:21,-30.695775203034113,31.195498436620177,61.89127363965429,-19.661848244335225,20.26203345361701,39.92388169795224
63,2023/02/14 20:53:25,-30.695775203034113,31.195498436620177,61.89127363965429,-19.661848244335225,20.26203345361701,39.92388169795224
64,2023/02/14 20:53:29,-30.695775203034113,31.2286275303399,61.92440273337401,-19.661848244335225,20.26203345361701,39.92388169795224
65,2023/02/14 20:53:33,-30.662274452153873,31.195498436620177,61.85777288877405,-19.661848244335225,20.26203345361701,39.92388169795224
66,2023/02/14 20:53:37,-30.695775203034113,31.2286275303399,61.92440273337401,-19.661848244335225,20.26203345361701,39.92388169795224
67,2023/02/14 20:53:42,-30.695775203034113,31.195498436620177,61.89127363965429,-19.661848244335225,20.26203345361701,39.92388169795224
68,2023/02/14 20:53:46,-30.695775203034113,31.195498436620177,61.89127363965429,-19.661848244335225,20.26203345361701,39.92388169795224
69,2023/02/14 20:53:50,-30.695775203034113,31.195498436620177,61.89127363965429,-19.661848244335225,20.26203345361701,39.92388169795224
70,2023/02/14 20:53:54,-30.662274452153873,31.195498436620177,61.85777288877405,-19.661848244335225,20.26203345361701,39.92388169795224
71,2023/02/14 20:53:58,-30.662274452153873,31.195498436620177,61.85777288877405,-19.661848244335225,20.26203345361701,39.92388169795224
72,2023/02/14 20:54:02,-30.695775203034113,31.195498436620177,61.89127363965429,-19.661848244335225,20.26203345361701,39.92388169795224
73,2023/02/14 20:54:06,-30.695775203034113,31.195498436620177,61.89127363965429,-19.661848244335225,20.26203345361701,39.92388169795224
74,2023/02/14 20:54:10,-30.695775203034113,31.195498436620177,61.89127363965429,-19.661848244335225,20.26203345361701,39.92388169795224
75,2023/02/14 20:54:14,-30.695775203034113,31.195498436620177,61.89127363965429,-19.661848244335225,20.26203345361701,39.92388169795224
76,2023/02/14 20:54:18,-30.695775203034113,31.195498436620177,61.89127363965429,-19.661848244335225,20.26203345361701,39.92388169795224
77,2023/02/14 20:54:23,-30.662274452153873,31.195498436620177,61.85777288877405,-19.661848244335225,20.26203345361701,39.92388169795224
78,2023/02/14 20:54:27,-30.695775203034113,31.195498436620177,61.89127363965429,-19.661848244335225,20.26203345361701,39.92388169795224
79,2023/02/14 20:54:31,-30.695775203034113,31.2286275303399,61.92440273337401,-19.661848244335225,20.26203345361701,39.92388169795224
80,2023/02/14 20:54:35,-30.662274452153873,31.195498436620177,61.85777288877405,-19.661848244335225,20.26203345361701,39.92388169795224
81,2023/02/14 20:54:39,-30.695775203034113,31.195498436620177,61.89127363965429,-19.661848244335225,20.26203345361701,39.92388169795224
82,2023/02/14 20:54:43,-30.695775203034113,31.195498436620177,61.89127363965429,-19.661848244335225,20.26203345361701,39.92388169795224
83,2023/02/14 20:54:47,-30.695775203034113,31.195498436620177,61.89127363965429,-19.661848244335225,20.26203345361701,39.92388169795224
84,2023/02/14 20:54:51,-30.695775203034113,31.195498436620177,61.89127363965429,-19.661848244335225,20.26203345361701,39.92388169795224
85,2023/02/14 20:54:55,-30.695775203034113,31.195498436620177,61.89127363965429,-19.661848244335225,20.26203345361701,39.92388169795224
86,2023/02/14 20:54:59,-30.695775203034113,31.195498436620177,61.89127363965429,-19.661848244335225,20.26203345361701,39.92388169795224
87,2023/02/14 20:55:04,-30.695775203034113,31.195498436620177,61.89127363965429,-19.661848244335225,20.26203345361701,39.92388169795224
88,2023/02/14 20:55:08,-30.695775203034113,31.195498436620177,61.89127363965429,-19.661848244335225,20.26203345361701,39.92388169795224
89,2023/02/14 20:55:12,-30.695775203034113,31.195498436620177,61.89127363965429,-19.661848244335225,20.26203345361701,39.92388169795224
90,2023/02/14 20:55:16,-30.695775203034113,31.195498436620177,61.89127363965429,-19.661848244335225,20.26203345361701,39.92388169795224
91,2023/02/14 20:55:20,-30.662274452153873,31.195498436620177,61.85777288877405,-19.661848244335225,20.26203345361701,39.92388169795224
92,2023/02/14 20:55:24,-30.662274452153873,31.195498436620177,61.85777288877405,-19.661848244335225,20.26203345361701,39.92388169795224
93,2023/02/14 20:55:28,-30.695775203034113,31.195498436620177,61.89127363965429,-19.661848244335225,20.26203345361701,39.92388169795224
94,2023/02/14 20:55:32,-30.695775203034113,31.195498436620177,61.89127363965429,-19.661848244335225,20.26203345361701,39.92388169795224
95,2023/02/14 20:55:36,-30.695775203034113,31.195498436620177,61.89127363965429,-19.661848244335225,20.26203345361701,39.92388169795224
96,2023/02/14 20:55:40,-30.695775203034113,31.2286275303399,61.92440273337401,-19.661848244335225,20.26203345361701,39.92388169795224
97,2023/02/14 20:55:45,-30.662274452153873,31.195498436620177,61.85777288877405,-19.661848244335225,20.26203345361701,39.92388169795224
98,2023/02/14 20:55:49,-30.695775203034113,31.195498436620177,61.89127363965429,-19.661848244335225,20.26203345361701,39.92388169795224
99,2023/02/14 20:55:53,-30.695775203034113,31.195498436620177,61.89127363965429,-19.661848244335225,20.26203345361701,39.92388169795224
100,2023/02/14 20:55:57,-30.695775203034113,31.195498436620177,61.89127363965429,-19.661848244335225,20.26203345361701,39.92388169795224
101,2023/02/14 20:56:01,-30.662274452153873,31.195498436620177,61.85777288877405,-19.742136258261446,20.26203345361701,40.00416971187846
102,2023/02/14 20:56:05,-30.695775203034113,31.195498436620177,61.89127363965429,-19.661848244335225,20.26203345361701,39.92388169795224
103,2023/02/14 20:56:09,-30.662274452153873,31.195498436620177,61.85777288877405,-19.661848244335225,20.26203345361701,39.92388169795224
104,2023/02/14 20:56:13,-30.695775203034113,31.195498436620177,61.89127363965429,-19.661848244335225,20.26203345361701,39.92388169795224
105,2023/02/14 20:56:17,-30.695775203034113,31.195498436620177,61.89127363965429,-19.661848244335225,20.26203345361701,39.92388169795224
106,2023/02/14 20:56:21,-30.695775203034113,31.195498436620177,61.89127363965429,-19.742136258261446,20.26203345361701,40.00416971187846
107,2023/02/14 20:56:25,-30.695775203034113,31.195498436620177,61.89127363965429,-19.661848244335225,20.26203345361701,39.92388169795224
108,2023/02/14 20:56:30,-30.695775203034113,31.195498436620177,61.89127363965429,-19.661848244335225,20.26203345361701,39.92388169795224
109,2023/02/14 20:56:34,-30.695775203034113,31.195498436620177,61.89127363965429,-19.661848244335225,20.26203345361701,39.92388169795224
110,2023/02/14 20:56:38,-30.662274452153873,31.195498436620177,61.85777288877405,-19.661848244335225,20.26203345361701,39.92388169795224
111,2023/02/14 20:56:42,-30.695775203034113,31.195498436620177,61.89127363965429,-19.661848244335225,20.26203345361701,39.92388169795224
112,2023/02/14 20:56:46,-30.662274452153873,31.195498436620177,61.85777288877405,-19.661848244335225,20.26203345361701,39.92388169795224
113,2023/02/14 20:56:50,-30.695775203034113,31.195498436620177,61.89127363965429,-19.661848244335225,20.26203345361701,39.92388169795224
114,2023/02/14 20:56:54,-30.662274452153873,31.195498436620177,61.85777288877405,-19.661848244335225,20.26203345361701,39.92388169795224
115,2023/02/14 20:56:58,-30.695775203034113,31.195498436620177,61.89127363965429,-19.661848244335225,20.26203345361701,39.92388169795224
116,2023/02/14 20:57:02,-30.695775203034113,31.195498436620177,61.89127363965429,-19.742136258261446,20.26203345361701,40.00416971187846
117,2023/02/14 20:57:06,-30.695775203034113,31.195498436620177,61.89127363965429,-19.742136258261446,20.26203345361701,40.00416971187846
118,2023/02/14 20:57:11,-30.662274452153873,31.195498436620177,61.85777288877405,-19.742136258261446,20.26203345361701,40.00416971187846
119,2023/02/14 20:57:15,-30.662274452153873,31.195498436620177,61.85777288877405,-19.661848244335225,20.26203345361701,39.92388169795224
120,2023/02/14 20:57:19,-30.662274452153873,31.195498436620177,61.85777288877405,-19.742136258261446,20.26203345361701,40.00416971187846
121,2023/02/14 20:57:23,-30.695775203034113,31.195498436620177,61.89127363965429,-19.742136258261446,20.26203345361701,40.00416971187846
122,2023/02/14 20:57:27,-30.662274452153873,31.195498436620177,61.85777288877405,-19.661848244335225,20.26203345361701,39.92388169795224
123,2023/02/14 20:57:31,-30.695775203034113,31.195498436620177,61.89127363965429,-19.661848244335225,20.26203345361701,39.92388169795224
124,2023/02/14 20:57:35,-30.662274452153873,31.195498436620177,61.85777288877405,-19.661848244335225,20.26203345361701,39.92388169795224
125,2023/02/14 20:57:39,-30.695775203034113,31.195498436620177,61.89127363965429,-19.661848244335225,20.26203345361701,39.92388169795224
126,2023/02/14 20:57:43,-30.695775203034113,31.195498436620177,61.89127363965429,-19.661848244335225,20.26203345361701,39.92388169795224
127,2023/02/14 20:57:47,-30.695775203034113,31.195498436620177,61.89127363965429,-19.661848244335225,20.26203345361701,39.92388169795224
128,2023/02/14 20:57:52,-30.695775203034113,31.195498436620177,61.89127363965429,-19.661848244335225,20.26203345361701,39.92388169795224
129,2023/02/14 20:57:56,-30.695775203034113,31.195498436620177,61.89127363965429,-19.661848244335225,20.26203345361701,39.92388169795224
130,2023/02/14 20:58:00,-30.662274452153873,31.195498436620177,61.85777288877405,-19.661848244335225,20.26203345361701,39.92388169795224
131,2023/02/14 20:58:04,-30.662274452153873,31.195498436620177,61.85777288877405,-19.661848244335225,20.26203345361701,39.92388169795224
132,2023/02/14 20:58:08,-30.695775203034113,31.195498436620177,61.89127363965429,-19.661848244335225,20.26203345361701,39.92388169795224
133,2023/02/14 20:58:12,-30.695775203034113,31.195498436620177,61.89127363965429,-19.661848244335225,20.26203345361701,39.92388169795224
134,2023/02/14 20:58:16,-30.695775203034113,31.195498436620177,61.89127363965429,-19.661848244335225,20.26203345361701,39.92388169795224
135,2023/02/14 20:58:20,-30.662274452153873,31.195498436620177,61.85777288877405,-19.661848244335225,20.26203345361701,39.92388169795224
136,2023/02/14 20:58:24,-30.695775203034113,31.195498436620177,61.89127363965429,-19.661848244335225,20.26203345361701,39.92388169795224
137,2023/02/14 20:58:28,-30.662274452153873,31.195498436620177,61.85777288877405,-19.661848244335225,20.26203345361701,39.92388169795224
138,2023/02/14 20:58:33,-30.695775203034113,31.195498436620177,61.89127363965429,-19.742136258261446,20.26203345361701,40.00416971187846
139,2023/02/14 20:58:37,-30.695775203034113,31.195498436620177,61.89127363965429,-19.742136258261446,20.26203345361701,40.00416971187846
140,2023/02/14 20:58:41,-30.662274452153873,31.195498436620177,61.85777288877405,-19.661848244335225,20.26203345361701,39.92388169795224
141,2023/02/14 20:58:45,-30.662274452153873,31.195498436620177,61.85777288877405,-19.661848244335225,20.26203345361701,39.92388169795224
142,2023/02/14 20:58:49,-30.662274452153873,31.195498436620177,61.85777288877405,-19.661848244335225,20.26203345361701,39.92388169795224
143,2023/02/14 20:58:53,-30.695775203034113,31.195498436620177,61.89127363965429,-19.661848244335225,20.26203345361701,39.92388169795224
144,2023/02/14 20:58:57,-30.695775203034113,31.195498436620177,61.89127363965429,-19.661848244335225,20.26203345361701,39.92388169795224
145,2023/02/14 20:59:01,-30.695775203034113,31.195498436620177,61.89127363965429,-19.661848244335225,20.26203345361701,39.92388169795224
146,2023/02/14 20:59:05,-30.662274452153873,31.195498436620177,61.85777288877405,-19.661848244335225,20.26203345361701,39.92388169795224
147,2023/02/14 20:59:09,-30.662274452153873,31.195498436620177,61.85777288877405,-19.661848244335225,20.26203345361701,39.92388169795224
148,2023/02/14 20:59:13,-30.695775203034113,31.195498436620177,61.89127363965429,-19.742136258261446,20.26203345361701,40.00416971187846
149,2023/02/14 20:59:18,-30.662274452153873,31.195498436620177,61.85777288877405,-19.661848244335225,20.26203345361701,39.92388169795224
150,2023/02/14 20:59:22,-30.695775203034113,31.195498436620177,61.89127363965429,-19.661848244335225,20.26203345361701,39.92388169795224
151,2023/02/14 20:59:26,-30.662274452153873,31.195498436620177,61.85777288877405,-19.661848244335225,20.26203345361701,39.92388169795224
152,2023/02/14 20:59:30,-30.662274452153873,31.195498436620177,61.85777288877405,-19.661848244335225,20.26203345361701,39.92388169795224
153,2023/02/14 20:59:34,-30.662274452153873,31.195498436620177,61.85777288877405,-19.661848244335225,20.26203345361701,39.92388169795224
154,2023/02/14 20:59:38,-30.695775203034113,31.195498436620177,61.89127363965429,-19.661848244335225,20.26203345361701,39.92388169795224
155,2023/02/14 20:59:42,-30.662274452153873,31.195498436620177,61.85777288877405,-19.661848244335225,20.26203345361701,39.92388169795224
156,2023/02/14 20:59:46,-30.662274452153873,31.195498436620177,61.85777288877405,-19.661848244335225,20.26203345361701,39.92388169795224
157,2023/02/14 20:59:50,-30.662274452153873,31.195498436620177,61.85777288877405,-19.661848244335225,20.26203345361701,39.92388169795224
158,2023/02/14 20:59:54,-30.695775203034113,31.195498436620177,61.89127363965429,-19.742136258261446,20.26203345361701,40.00416971187846
159,2023/02/14 20:59:59,-30.695775203034113,31.195498436620177,61.89127363965429,-19.661848244335225,20.26203345361701,39.92388169795224
160,2023/02/14 21:00:03,-30.662274452153873,31.195498436620177,61.85777288877405,-19.661848244335225,20.26203345361701,39.92388169795224
161,2023/02/14 21:00:07,-30.662274452153873,31.195498436620177,61.85777288877405,-19.661848244335225,20.26203345361701,39.92388169795224
162,2023/02/14 21:00:11,-30.662274452153873,31.195498436620177,61.85777288877405,-19.661848244335225,20.26203345361701,39.92388169795224
163,2023/02/14 21:00:15,-30.662274452153873,31.195498436620177,61.85777288877405,-19.661848244335225,20.26203345361701,39.92388169795224
164,2023/02/14 21:00:19,-30.662274452153873,31.195498436620177,61.85777288877405,-19.661848244335225,20.26203345361701,39.92388169795224
165,2023/02/14 21:00:23,-30.695775203034113,31.195498436620177,61.89127363965429,-19.661848244335225,20.26203345361701,39.92388169795224
166,2023/02/14 21:00:27,-30.662274452153873,31.195498436620177,61.85777288877405,-19.661848244335225,20.26203345361701,39.92388169795224
167,2023/02/14 21:00:31,-30.662274452153873,31.195498436620177,61.85777288877405,-19.661848244335225,20.26203345361701,39.92388169795224
168,2023/02/14 21:00:35,-30.662274452153873,31.195498436620177,61.85777288877405,-19.661848244335225,20.26203345361701,39.92388169795224
169,2023/02/14 21:00:40,-30.662274452153873,31.195498436620177,61.85777288877405,-19.742136258261446,20.26203345361701,40.00416971187846
170,2023/02/14 21:00:44,-30.695775203034113,31.195498436620177,61.89127363965429,-19.661848244335225,20.26203345361701,39.92388169795224
171,2023/02/14 21:00:48,-30.695775203034113,31.195498436620177,61.89127363965429,-19.661848244335225,20.26203345361701,39.92388169795224
172,2023/02/14 21:00:52,-30.695775203034113,31.195498436620177,61.89127363965429,-19.661848244335225,20.26203345361701,39.92388169795224
173,2023/02/14 21:00:56,-30.662274452153873,31.195498436620177,61.85777288877405,-19.661848244335225,20.26203345361701,39.92388169795224
174,2023/02/14 21:01:00,-30.662274452153873,31.195498436620177,61.85777288877405,-19.661848244335225,20.26203345361701,39.92388169795224
175,2023/02/14 21:01:04,-30.662274452153873,31.195498436620177,61.85777288877405,-19.661848244335225,20.26203345361701,39.92388169795224
176,2023/02/14 21:01:08,-30.662274452153873,31.195498436620177,61.85777288877405,-19.661848244335225,20.26203345361701,39.92388169795224
177,2023/02/14 21:01:12,-30.662274452153873,31.195498436620177,61.85777288877405,-19.661848244335225,20.26203345361701,39.92388169795224
178,2023/02/14 21:01:16,-30.662274452153873,31.195498436620177,61.85777288877405,-19.661848244335225,20.26203345361701,39.92388169795224
179,2023/02/14 21:01:21,-30.662274452153873,31.195498436620177,61.85777288877405,-19.661848244335225,20.26203345361701,39.92388169795224
180,2023/02/14 21:01:25,-30.662274452153873,31.195498436620177,61.85777288877405,-19.661848244335225,20.26203345361701,39.92388169795224
181,2023/02/14 21:01:29,-30.662274452153873,31.195498436620177,61.85777288877405,-19.661848244335225,20.26203345361701,39.92388169795224
182,2023/02/14 21:01:33,-30.695775203034113,31.195498436620177,61.89127363965429,-19.661848244335225,20.26203345361701,39.92388169795224
183,2023/02/14 21:01:37,-30.695775203034113,31.195498436620177,61.89127363965429,-19.661848244335225,20.26203345361701,39.92388169795224
184,2023/02/14 21:01:41,-30.662274452153873,31.195498436620177,61.85777288877405,-19.661848244335225,20.26203345361701,39.92388169795224
185,2023/02/14 21:01:45,-30.662274452153873,31.195498436620177,61.85777288877405,-19.661848244335225,20.26203345361701,39.92388169795224
186,2023/02/14 21:01:49,-30.662274452153873,31.195498436620177,61.85777288877405,-19.661848244335225,20.26203345361701,39.92388169795224
187,2023/02/14 21:01:53,-30.695775203034113,31.195498436620177,61.89127363965429,-19.661848244335225,20.26203345361701,39.92388169795224
188,2023/02/14 21:01:57,-30.695775203034113,31.195498436620177,61.89127363965429,-19.661848244335225,20.26203345361701,39.92388169795224
189,2023/02/14 21:02:01,-30.662274452153873,31.195498436620177,61.85777288877405,-19.742136258261446,20.26203345361701,40.00416971187846
190,2023/02/14 21:02:06,-30.662274452153873,31.195498436620177,61.85777288877405,-19.661848244335225,20.26203345361701,39.92388169795224
191,2023/02/14 21:02:10,-30.662274452153873,31.195498436620177,61.85777288877405,-19.661848244335225,20.26203345361701,39.92388169795224
192,2023/02/14 21:02:14,-30.695775203034113,31.195498436620177,61.89127363965429,-19.661848244335225,20.26203345361701,39.92388169795224
193,2023/02/14 21:02:18,-30.662274452153873,31.195498436620177,61.85777288877405,-19.661848244335225,20.26203345361701,39.92388169795224
194,2023/02/14 21:02:22,-30.695775203034113,31.195498436620177,61.89127363965429,-19.661848244335225,20.26203345361701,39.92388169795224
195,2023/02/14 21:02:26,-30.662274452153873,31.195498436620177,61.85777288877405,-19.661848244335225,20.26203345361701,39.92388169795224
196,2023/02/14 21:02:30,-30.662274452153873,31.195498436620177,61.85777288877405,-19.661848244335225,20.26203345361701,39.92388169795224
197,2023/02/14 21:02:34,-30.695775203034113,31.195498436620177,61.89127363965429,-19.661848244335225,20.26203345361701,39.92388169795224
198,2023/02/14 21:02:38,-30.662274452153873,31.195498436620177,61.85777288877405,-19.742136258261446,20.26203345361701,40.00416971187846
199,2023/02/14 21:02:42,-30.662274452153873,31.195498436620177,61.85777288877405,-19.661848244335225,20.26203345361701,39.92388169795224
200,2023/02/14 21:02:47,-30.662274452153873,31.195498436620177,61.85777288877405,-19.661848244335225,20.26203345361701,39.92388169795224
201,2023/02/14 21:02:51,-30.662274452153873,31.195498436620177,61.85777288877405,-19.661848244335225,20.26203345361701,39.92388169795224
202,2023/02/14 21:02:55,-30.695775203034113,31.195498436620177,61.89127363965429,-19.661848244335225,20.26203345361701,39.92388169795224
203,2023/02/14 21:02:59,-30.662274452153873,31.195498436620177,61.85777288877405,-19.661848244335225,20.26203345361701,39.92388169795224
204,2023/02/14 21:03:03,-30.695775203034113,31.195498436620177,61.89127363965429,-19.661848244335225,20.26203345361701,39.92388169795224
205,2023/02/14 21:03:07,-30.695775203034113,31.195498436620177,61.89127363965429,-19.661848244335225,20.26203345361701,39.92388169795224
206,2023/02/14 21:03:11,-30.695775203034113,31.195498436620177,61.89127363965429,-19.661848244335225,20.26203345361701,39.92388169795224
207,2023/02/14 21:03:15,-30.662274452153873,31.195498436620177,61.85777288877405,-19.661848244335225,20.26203345361701,39.92388169795224
208,2023/02/14 21:03:19,-30.662274452153873,31.195498436620177,61.85777288877405,-19.661848244335225,20.26203345361701,39.92388169795224
209,2023/02/14 21:03:23,-30.662274452153873,31.195498436620177,61.85777288877405,-19.661848244335225,20.26203345361701,39.92388169795224
210,2023/02/14 21:03:28,-30.695775203034113,31.195498436620177,61.89127363965429,-19.661848244335225,20.26203345361701,39.92388169795224
211,2023/02/14 21:03:32,-30.662274452153873,31.195498436620177,61.85777288877405,-19.661848244335225,20.26203345361701,39.92388169795224
212,2023/02/14 21:03:36,-30.662274452153873,31.195498436620177,61.85777288877405,-19.661848244335225,20.26203345361701,39.92388169795224
213,2023/02/14 21:03:40,-30.662274452153873,31.195498436620177,61.85777288877405,-19.661848244335225,20.26203345361701,39.92388169795224
214,2023/02/14 21:03:44,-30.695775203034113,31.195498436620177,61.89127363965429,-19.661848244335225,20.26203345361701,39.92388169795224
215,2023/02/14 21:03:48,-30.695775203034113,31.195498436620177,61.89127363965429,-19.661848244335225,20.26203345361701,39.92388169795224
216,2023/02/14 21:03:52,-30.662274452153873,31.195498436620177,61.85777288877405,-19.661848244335225,20.26203345361701,39.92388169795224
217,2023/02/14 21:03:56,-30.662274452153873,31.195498436620177,61.85777288877405,-19.661848244335225,20.26203345361701,39.92388169795224
218,2023/02/14 21:04:00,-30.662274452153873,31.195498436620177,61.85777288877405,-19.661848244335225,20.26203345361701,39.92388169795224
219,2023/02/14 21:04:04,-30.662274452153873,31.195498436620177,61.85777288877405,-19.661848244335225,20.26203345361701,39.92388169795224
220,2023/02/14 21:04:09,-30.662274452153873,31.195498436620177,61.85777288877405,-19.661848244335225,20.26203345361701,39.92388169795224
221,2023/02/14 21:04:13,-30.662274452153873,31.195498436620177,61.85777288877405,-19.742136258261446,20.26203345361701,40.00416971187846
222,2023/02/14 21:04:17,-30.662274452153873,31.195498436620177,61.85777288877405,-19.661848244335225,20.26203345361701,39.92388169795224
223,2023/02/14 21:04:21,-30.662274452153873,31.195498436620177,61.85777288877405,-19.661848244335225,20.26203345361701,39.92388169795224
224,2023/02/14 21:04:25,-30.695775203034113,31.195498436620177,61.89127363965429,-19.661848244335225,20.26203345361701,39.92388169795224
225,2023/02/14 21:04:29,-30.695775203034113,31.195498436620177,61.89127363965429,-19.661848244335225,20.26203345361701,39.92388169795224
226,2023/02/14 21:04:33,-30.695775203034113,31.195498436620177,61.89127363965429,-19.661848244335225,20.26203345361701,39.92388169795224
227,2023/02/14 21:04:37,-30.662274452153873,31.195498436620177,61.85777288877405,-19.661848244335225,20.26203345361701,39.92388169795224
228,2023/02/14 21:04:41,-30.662274452153873,31.195498436620177,61.85777288877405,-19.661848244335225,20.26203345361701,39.92388169795224
229,2023/02/14 21:04:45,-30.695775203034113,31.195498436620177,61.89127363965429,-19.661848244335225,20.26203345361701,39.92388169795224
230,2023/02/14 21:04:49,-30.662274452153873,31.195498436620177,61.85777288877405,-19.661848244335225,20.26203345361701,39.92388169795224
231,2023/02/14 21:04:54,-30.662274452153873,31.195498436620177,61.85777288877405,-19.661848244335225,20.26203345361701,39.92388169795224
232,2023/02/14 21:04:58,-30.662274452153873,31.195498436620177,61.85777288877405,-19.661848244335225,20.26203345361701,39.92388169795224
233,2023/02/14 21:05:02,-30.695775203034113,31.195498436620177,61.89127363965429,-19.661848244335225,20.26203345361701,39.92388169795224
234,2023/02/14 21:05:06,-30.662274452153873,31.195498436620177,61.85777288877405,-19.661848244335225,20.26203345361701,39.92388169795224
235,2023/02/14 21:05:10,-30.695775203034113,31.195498436620177,61.89127363965429,-19.661848244335225,20.26203345361701,39.92388169795224
236,2023/02/14 21:05:14,-30.662274452153873,31.195498436620177,61.85777288877405,-19.661848244335225,20.26203345361701,39.92388169795224
237,2023/02/14 21:05:18,-30.695775203034113,31.195498436620177,61.89127363965429,-19.661848244335225,20.26203345361701,39.92388169795224
238,2023/02/14 21:05:22,-30.695775203034113,31.195498436620177,61.89127363965429,-19.661848244335225,20.26203345361701,39.92388169795224
239,2023/02/14 21:05:26,-30.662274452153873,31.195498436620177,61.85777288877405,-19.661848244335225,20.26203345361701,39.92388169795224
240,2023/02/14 21:05:30,-30.695775203034113,31.195498436620177,61.89127363965429,-19.661848244335225,20.26203345361701,39.92388169795224
241,2023/02/14 21:05:35,-30.662274452153873,31.195498436620177,61.85777288877405,-19.661848244335225,20.26203345361701,39.92388169795224
242,2023/02/14 21:05:39,-30.662274452153873,31.195498436620177,61.85777288877405,-19.661848244335225,20.26203345361701,39.92388169795224
243,2023/02/14 21:05:43,-30.662274452153873,31.195498436620177,61.85777288877405,-19.661848244335225,20.26203345361701,39.92388169795224
244,2023/02/14 21:05:47,-30.662274452153873,31.195498436620177,61.85777288877405,-19.661848244335225,20.26203345361701,39.92388169795224
245,2023/02/14 21:05:51,-30.662274452153873,31.195498436620177,61.85777288877405,-19.661848244335225,20.26203345361701,39.92388169795224
246,2023/02/14 21:05:55,-30.662274452153873,31.195498436620177,61.85777288877405,-19.661848244335225,20.26203345361701,39.92388169795224
247,2023/02/14 21:05:59,-30.662274452153873,31.195498436620177,61.85777288877405,-19.661848244335225,20.26203345361701,39.92388169795224
248,2023/02/14 21:06:03,-30.662274452153873,31.195498436620177,61.85777288877405,-19.702002323222228,20.26203345361701,39.96403577683924
249,2023/02/14 21:06:07,-30.662274452153873,31.195498436620177,61.85777288877405,-19.661848244335225,20.26203345361701,39.92388169795224
250,2023/02/14 21:06:11,-30.695775203034113,31.195498436620177,61.89127363965429,-19.661848244335225,20.26203345361701,39.92388169795224
251,2023/02/14 21:06:16,-30.662274452153873,31.195498436620177,61.85777288877405,-19.661848244335225,20.26203345361701,39.92388169795224
252,2023/02/14 21:06:20,-30.662274452153873,31.195498436620177,61.85777288877405,-19.661848244335225,20.26203345361701,39.92388169795224
253,2023/02/14 21:06:24,-30.662274452153873,31.195498436620177,61.85777288877405,-19.661848244335225,20.26203345361701,39.92388169795224
254,2023/02/14 21:06:28,-30.662274452153873,31.195498436620177,61.85777288877405,-19.661848244335225,20.26203345361701,39.92388169795224
255,2023/02/14 21:06:32,-30.662274452153873,31.195498436620177,61.85777288877405,-19.661848244335225,20.26203345361701,39.92388169795224
256,2023/02/14 21:06:36,-30.662274452153873,31.195498436620177,61.85777288877405,-19.661848244335225,20.26203345361701,39.92388169795224
257,2023/02/14 21:06:40,-30.662274452153873,31.195498436620177,61.85777288877405,-19.661848244335225,20.26203345361701,39.92388169795224
258,2023/02/14 21:06:44,-30.695775203034113,31.195498436620177,61.89127363965429,-19.661848244335225,20.26203345361701,39.92388169795224
259,2023/02/14 21:06:48,-30.662274452153873,31.195498436620177,61.85777288877405,-19.661848244335225,20.26203345361701,39.92388169795224
260,2023/02/14 21:06:52,-30.662274452153873,31.195498436620177,61.85777288877405,-19.661848244335225,20.26203345361701,39.92388169795224
261,2023/02/14 21:06:57,-30.662274452153873,31.195498436620177,61.85777288877405,-19.661848244335225,20.26203345361701,39.92388169795224
262,2023/02/14 21:07:01,-30.695775203034113,31.195498436620177,61.89127363965429,-19.661848244335225,20.26203345361701,39.92388169795224
263,2023/02/14 21:07:05,-30.662274452153873,31.195498436620177,61.85777288877405,-19.661848244335225,20.26203345361701,39.92388169795224
264,2023/02/14 21:07:09,-30.662274452153873,31.195498436620177,61.85777288877405,-19.661848244335225,20.26203345361701,39.92388169795224
265,2023/02/14 21:07:13,-30.662274452153873,31.195498436620177,61.85777288877405,-19.661848244335225,20.26203345361701,39.92388169795224
266,2023/02/14 21:07:17,-30.662274452153873,31.195498436620177,61.85777288877405,-19.661848244335225,20.26203345361701,39.92388169795224
267,2023/02/14 21:07:21,-30.662274452153873,31.195498436620177,61.85777288877405,-19.742136258261446,20.26203345361701,40.00416971187846
268,2023/02/14 21:07:25,-30.695775203034113,31.195498436620177,61.89127363965429,-19.661848244335225,20.26203345361701,39.92388169795224
269,2023/02/14 21:07:29,-30.695775203034113,31.195498436620177,61.89127363965429,-19.661848244335225,20.26203345361701,39.92388169795224
270,2023/02/14 21:07:33,-30.662274452153873,31.195498436620177,61.85777288877405,-19.661848244335225,20.26203345361701,39.92388169795224
271,2023/02/14 21:07:38,-30.662274452153873,31.195498436620177,61.85777288877405,-19.661848244335225,20.26203345361701,39.92388169795224
272,2023/02/14 21:07:42,-30.662274452153873,31.195498436620177,61.85777288877405,-19.661848244335225,20.26203345361701,39.92388169795224
273,2023/02/14 21:07:46,-30.662274452153873,31.195498436620177,61.85777288877405,-19.661848244335225,20.26203345361701,39.92388169795224
274,2023/02/14 21:07:50,-30.662274452153873,31.195498436620177,61.85777288877405,-19.661848244335225,20.26203345361701,39.92388169795224
275,2023/02/14 21:07:54,-30.662274452153873,31.195498436620177,61.85777288877405,-19.661848244335225,20.26203345361701,39.92388169795224
276,2023/02/14 21:07:58,-30.662274452153873,31.195498436620177,61.85777288877405,-19.742136258261446,20.26203345361701,40.00416971187846
277,2023/02/14 21:08:02,-30.662274452153873,31.195498436620177,61.85777288877405,-19.661848244335225,20.26203345361701,39.92388169795224
278,2023/02/14 21:08:06,-30.695775203034113,31.195498436620177,61.89127363965429,-19.661848244335225,20.26203345361701,39.92388169795224
279,2023/02/14 21:08:10,-30.695775203034113,31.195498436620177,61.89127363965429,-19.661848244335225,20.26203345361701,39.92388169795224
280,2023/02/14 21:08:14,-30.662274452153873,31.195498436620177,61.85777288877405,-19.661848244335225,20.26203345361701,39.92388169795224
281,2023/02/14 21:08:18,-30.662274452153873,31.195498436620177,61.85777288877405,-19.661848244335225,20.26203345361701,39.92388169795224
282,2023/02/14 21:08:23,-30.662274452153873,31.195498436620177,61.85777288877405,-19.661848244335225,20.26203345361701,39.92388169795224
283,2023/02/14 21:08:27,-30.662274452153873,31.195498436620177,61.85777288877405,-19.661848244335225,20.26203345361701,39.92388169795224
284,2023/02/14 21:08:31,-30.662274452153873,31.195498436620177,61.85777288877405,-19.661848244335225,20.26203345361701,39.92388169795224
285,2023/02/14 21:08:35,-30.695775203034113,31.195498436620177,61.89127363965429,-19.661848244335225,20.26203345361701,39.92388169795224
286,2023/02/14 21:08:39,-30.695775203034113,31.195498436620177,61.89127363965429,-19.661848244335225,20.26203345361701,39.92388169795224
287,2023/02/14 21:08:43,-30.695775203034113,31.195498436620177,61.89127363965429,-19.661848244335225,20.26203345361701,39.92388169795224
288,2023/02/14 21:08:47,-30.662274452153873,31.195498436620177,61.85777288877405,-19.661848244335225,20.26203345361701,39.92388169795224
289,2023/02/14 21:08:51,-30.662274452153873,31.195498436620177,61.85777288877405,-19.661848244335225,20.26203345361701,39.92388169795224
290,2023/02/14 21:08:55,-30.695775203034113,31.195498436620177,61.89127363965429,-19.661848244335225,20.26203345361701,39.92388169795224
291,2023/02/14 21:08:59,-30.662274452153873,31.195498436620177,61.85777288877405,-19.661848244335225,20.26203345361701,39.92388169795224
292,2023/02/14 21:09:04,-30.662274452153873,31.195498436620177,61.85777288877405,-19.702002323222228,20.26203345361701,39.96403577683924
293,2023/02/14 21:09:08,-30.662274452153873,31.195498436620177,61.85777288877405,-19.661848244335225,20.26203345361701,39.92388169795224
294,2023/02/14 21:09:12,-30.662274452153873,31.195498436620177,61.85777288877405,-19.661848244335225,20.26203345361701,39.92388169795224
295,2023/02/14 21:09:16,-30.695775203034113,31.195498436620177,61.89127363965429,-19.661848244335225,20.26203345361701,39.92388169795224
296,2023/02/14 21:09:20,-30.662274452153873,31.195498436620177,61.85777288877405,-19.742136258261446,20.26203345361701,40.00416971187846
297,2023/02/14 21:09:24,-30.662274452153873,31.195498436620177,61.85777288877405,-19.661848244335225,20.26203345361701,39.92388169795224
298,2023/02/14 21:09:28,-30.662274452153873,31.195498436620177,61.85777288877405,-19.661848244335225,20.26203345361701,39.92388169795224
299,2023/02/14 21:09:32,-30.662274452153873,31.195498436620177,61.85777288877405,-19.661848244335225,20.26203345361701,39.92388169795224
300,2023/02/14 21:09:36,-30.695775203034113,31.195498436620177,61.89127363965429,-19.661848244335225,20.26203345361701,39.92388169795224
301,2023/02/14 21:09:40,-30.662274452153873,31.195498436620177,61.85777288877405,-19.661848244335225,20.26203345361701,39.92388169795224
302,2023/02/14 21:09:45,-30.662274452153873,31.195498436620177,61.85777288877405,-19.661848244335225,20.26203345361701,39.92388169795224
303,2023/02/14 21:09:49,-30.662274452153873,31.195498436620177,61.85777288877405,-19.661848244335225,20.26203345361701,39.92388169795224
304,2023/02/14 21:09:53,-30.662274452153873,31.195498436620177,61.85777288877405,-19.661848244335225,20.26203345361701,39.92388169795224
305,2023/02/14 21:09:57,-30.662274452153873,31.195498436620177,61.85777288877405,-19.661848244335225,20.26203345361701,39.92388169795224
306,2023/02/14 21:10:01,-30.662274452153873,31.195498436620177,61.85777288877405,-19.661848244335225,20.26203345361701,39.92388169795224
307,2023/02/14 21:10:05,-30.662274452153873,31.195498436620177,61.85777288877405,-19.661848244335225,20.26203345361701,39.92388169795224
308,2023/02/14 21:10:09,-30.662274452153873,31.195498436620177,61.85777288877405,-19.661848244335225,20.26203345361701,39.92388169795224
309,2023/02/14 21:10:13,-30.695775203034113,31.195498436620177,61.89127363965429,-19.661848244335225,20.26203345361701,39.92388169795224
310,2023/02/14 21:10:17,-30.662274452153873,31.195498436620177,61.85777288877405,-19.661848244335225,20.26203345361701,39.92388169795224
311,2023/02/14 21:10:21,-30.662274452153873,31.195498436620177,61.85777288877405,-19.661848244335225,20.26203345361701,39.92388169795224
312,2023/02/14 21:10:26,-30.662274452153873,31.195498436620177,61.85777288877405,-19.742136258261446,20.26203345361701,40.00416971187846
313,2023/02/14 21:10:30,-30.662274452153873,31.195498436620177,61.85777288877405,-19.661848244335225,20.26203345361701,39.92388169795224
314,2023/02/14 21:10:34,-30.662274452153873,31.195498436620177,61.85777288877405,-19.661848244335225,20.26203345361701,39.92388169795224
315,2023/02/14 21:10:38,-30.662274452153873,31.195498436620177,61.85777288877405,-19.661848244335225,20.26203345361701,39.92388169795224
316,2023/02/14 21:10:42,-30.662274452153873,31.195498436620177,61.85777288877405,-19.661848244335225,20.26203345361701,39.92388169795224
317,2023/02/14 21:10:46,-30.662274452153873,31.195498436620177,61.85777288877405,-19.661848244335225,20.26203345361701,39.92388169795224
318,2023/02/14 21:10:50,-30.695775203034113,31.195498436620177,61.89127363965429,-19.661848244335225,20.26203345361701,39.92388169795224
319,2023/02/14 21:10:54,-30.662274452153873,31.195498436620177,61.85777288877405,-19.661848244335225,20.26203345361701,39.92388169795224
320,2023/02/14 21:10:58,-30.662274452153873,31.195498436620177,61.85777288877405,-19.661848244335225,20.26203345361701,39.92388169795224
321,2023/02/14 21:11:02,-30.695775203034113,31.195498436620177,61.89127363965429,-19.661848244335225,20.26203345361701,39.92388169795224
322,2023/02/14 21:11:06,-30.662274452153873,31.195498436620177,61.85777288877405,-19.661848244335225,20.26203345361701,39.92388169795224
323,2023/02/14 21:11:11,-30.662274452153873,31.195498436620177,61.85777288877405,-19.661848244335225,20.26203345361701,39.92388169795224
324,2023/02/14 21:11:15,-30.662274452153873,31.195498436620177,61.85777288877405,-19.661848244335225,20.26203345361701,39.92388169795224
325,2023/02/14 21:11:19,-30.695775203034113,31.195498436620177,61.89127363965429,-19.661848244335225,20.26203345361701,39.92388169795224
326,2023/02/14 21:11:23,-30.695775203034113,31.195498436620177,61.89127363965429,-19.661848244335225,20.26203345361701,39.92388169795224
327,2023/02/14 21:11:27,-30.662274452153873,31.195498436620177,61.85777288877405,-19.661848244335225,20.26203345361701,39.92388169795224
328,2023/02/14 21:11:31,-30.662274452153873,31.195498436620177,61.85777288877405,-19.661848244335225,20.26203345361701,39.92388169795224
329,2023/02/14 21:11:35,-30.662274452153873,31.195498436620177,61.85777288877405,-19.661848244335225,20.26203345361701,39.92388169795224
330,2023/02/14 21:11:39,-30.662274452153873,31.195498436620177,61.85777288877405,-19.661848244335225,20.26203345361701,39.92388169795224
331,2023/02/14 21:11:43,-30.695775203034113,31.195498436620177,61.89127363965429,-19.661848244335225,20.26203345361701,39.92388169795224
332,2023/02/14 21:11:47,-30.662274452153873,31.195498436620177,61.85777288877405,-19.661848244335225,20.26203345361701,39.92388169795224
333,2023/02/14 21:11:52,-30.662274452153873,31.195498436620177,61.85777288877405,-19.661848244335225,20.26203345361701,39.92388169795224
334,2023/02/14 21:11:56,-30.695775203034113,31.195498436620177,61.89127363965429,-19.661848244335225,20.26203345361701,39.92388169795224
335,2023/02/14 21:12:00,-30.662274452153873,31.195498436620177,61.85777288877405,-19.661848244335225,20.26203345361701,39.92388169795224
336,2023/02/14 21:12:04,-30.662274452153873,31.195498436620177,61.85777288877405,-19.661848244335225,20.26203345361701,39.92388169795224
337,2023/02/14 21:12:08,-30.662274452153873,31.195498436620177,61.85777288877405,-19.661848244335225,20.26203345361701,39.92388169795224
338,2023/02/14 21:12:12,-30.662274452153873,31.195498436620177,61.85777288877405,-19.661848244335225,20.26203345361701,39.92388169795224
339,2023/02/14 21:12:16,-30.662274452153873,31.195498436620177,61.85777288877405,-19.742136258261446,20.26203345361701,40.00416971187846
340,2023/02/14 21:12:20,-30.662274452153873,31.195498436620177,61.85777288877405,-19.661848244335225,20.26203345361701,39.92388169795224
341,2023/02/14 21:12:24,-30.662274452153873,31.195498436620177,61.85777288877405,-19.661848244335225,20.26203345361701,39.92388169795224
342,2023/02/14 21:12:28,-30.662274452153873,31.195498436620177,61.85777288877405,-19.661848244335225,20.26203345361701,39.92388169795224
343,2023/02/14 21:12:33,-30.662274452153873,31.195498436620177,61.85777288877405,-19.661848244335225,20.26203345361701,39.92388169795224
344,2023/02/14 21:12:37,-30.662274452153873,31.195498436620177,61.85777288877405,-19.661848244335225,20.26203345361701,39.92388169795224
345,2023/02/14 21:12:41,-30.662274452153873,31.195498436620177,61.85777288877405,-19.661848244335225,20.26203345361701,39.92388169795224
346,2023/02/14 21:12:45,-30.662274452153873,31.195498436620177,61.85777288877405,-19.661848244335225,20.26203345361701,39.92388169795224
347,2023/02/14 21:12:49,-30.662274452153873,31.195498436620177,61.85777288877405,-19.661848244335225,20.26203345361701,39.92388169795224
348,2023/02/14 21:12:53,-30.662274452153873,31.195498436620177,61.85777288877405,-19.661848244335225,20.26203345361701,39.92388169795224
349,2023/02/14 21:12:57,-30.662274452153873,31.195498436620177,61.85777288877405,-19.661848244335225,20.26203345361701,39.92388169795224
350,2023/02/14 21:13:01,-30.662274452153873,31.195498436620177,61.85777288877405,-19.661848244335225,20.26203345361701,39.92388169795224
351,2023/02/14 21:13:05,-30.662274452153873,31.195498436620177,61.85777288877405,-19.661848244335225,20.26203345361701,39.92388169795224
352,2023/02/14 21:13:09,-30.662274452153873,31.195498436620177,61.85777288877405,-19.661848244335225,20.26203345361701,39.92388169795224
353,2023/02/14 21:13:13,-30.662274452153873,31.195498436620177,61.85777288877405,-19.661848244335225,20.26203345361701,39.92388169795224
354,2023/02/14 21:13:18,-30.695775203034113,31.195498436620177,61.89127363965429,-19.661848244335225,20.26203345361701,39.92388169795224
355,2023/02/14 21:13:22,-30.662274452153873,31.195498436620177,61.85777288877405,-19.661848244335225,20.26203345361701,39.92388169795224
356,2023/02/14 21:13:26,-30.662274452153873,31.195498436620177,61.85777288877405,-19.661848244335225,20.26203345361701,39.92388169795224
357,2023/02/14 21:13:30,-30.662274452153873,31.195498436620177,61.85777288877405,-19.742136258261446,20.26203345361701,40.00416971187846
358,2023/02/14 21:13:34,-30.695775203034113,31.195498436620177,61.89127363965429,-19.661848244335225,20.26203345361701,39.92388169795224
359,2023/02/14 21:13:38,-30.662274452153873,31.195498436620177,61.85777288877405,-19.661848244335225,20.26203345361701,39.92388169795224
360,2023/02/14 21:13:42,-30.662274452153873,31.195498436620177,61.85777288877405,-19.661848244335225,20.26203345361701,39.92388169795224
361,2023/02/14 21:13:46,-30.662274452153873,31.195498436620177,61.85777288877405,-19.661848244335225,20.26203345361701,39.92388169795224
362,2023/02/14 21:13:50,-30.695775203034113,31.195498436620177,61.89127363965429,-19.661848244335225,20.26203345361701,39.92388169795224
363,2023/02/14 21:13:54,-30.695775203034113,31.195498436620177,61.89127363965429,-19.661848244335225,20.26203345361701,39.92388169795224
364,2023/02/14 21:13:59,-30.662274452153873,31.195498436620177,61.85777288877405,-19.661848244335225,20.26203345361701,39.92388169795224
365,2023/02/14 21:14:03,-30.662274452153873,31.195498436620177,61.85777288877405,-19.661848244335225,20.26203345361701,39.92388169795224
366,2023/02/14 21:14:07,-30.662274452153873,31.195498436620177,61.85777288877405,-19.661848244335225,20.26203345361701,39.92388169795224
367,2023/02/14 21:14:11,-30.695775203034113,31.195498436620177,61.89127363965429,-19.661848244335225,20.26203345361701,39.92388169795224
368,2023/02/14 21:14:15,-30.662274452153873,31.195498436620177,61.85777288877405,-19.661848244335225,20.26203345361701,39.92388169795224
369,2023/02/14 21:14:19,-30.662274452153873,31.195498436620177,61.85777288877405,-19.661848244335225,20.26203345361701,39.92388169795224
370,2023/02/14 21:14:23,-30.662274452153873,31.195498436620177,61.85777288877405,-19.661848244335225,20.26203345361701,39.92388169795224
371,2023/02/14 21:14:27,-30.662274452153873,31.195498436620177,61.85777288877405,-19.661848244335225,20.26203345361701,39.92388169795224
372,2023/02/14 21:14:31,-30.662274452153873,31.195498436620177,61.85777288877405,-19.661848244335225,20.26203345361701,39.92388169795224
373,2023/02/14 21:14:35,-30.662274452153873,31.195498436620177,61.85777288877405,-19.742136258261446,20.26203345361701,40.00416971187846
374,2023/02/14 21:14:40,-30.662274452153873,31.195498436620177,61.85777288877405,-19.742136258261446,20.26203345361701,40.00416971187846
375,2023/02/14 21:14:44,-30.662274452153873,31.195498436620177,61.85777288877405,-19.661848244335225,20.26203345361701,39.92388169795224
376,2023/02/14 21:14:48,-30.695775203034113,31.195498436620177,61.89127363965429,-19.661848244335225,20.26203345361701,39.92388169795224
377,2023/02/14 21:14:52,-30.695775203034113,31.195498436620177,61.89127363965429,-19.661848244335225,20.26203345361701,39.92388169795224
378,2023/02/14 21:14:56,-30.662274452153873,31.195498436620177,61.85777288877405,-19.661848244335225,20.26203345361701,39.92388169795224
379,2023/02/14 21:15:00,-30.695775203034113,31.195498436620177,61.89127363965429,-19.661848244335225,20.26203345361701,39.92388169795224
380,2023/02/14 21:15:04,-30.695775203034113,31.195498436620177,61.89127363965429,-19.661848244335225,20.26203345361701,39.92388169795224
381,2023/02/14 21:15:08,-30.662274452153873,31.195498436620177,61.85777288877405,-19.742136258261446,20.26203345361701,40.00416971187846
382,2023/02/14 21:15:12,-30.662274452153873,31.195498436620177,61.85777288877405,-19.661848244335225,20.26203345361701,39.92388169795224
383,2023/02/14 21:15:16,-30.662274452153873,31.195498436620177,61.85777288877405,-19.661848244335225,20.26203345361701,39.92388169795224
384,2023/02/14 21:15:21,-30.662274452153873,31.195498436620177,61.85777288877405,-19.661848244335225,20.26203345361701,39.92388169795224
385,2023/02/14 21:15:25,-30.662274452153873,31.195498436620177,61.85777288877405,-19.661848244335225,20.26203345361701,39.92388169795224
386,2023/02/14 21:15:29,-30.662274452153873,31.195498436620177,61.85777288877405,-19.661848244335225,20.26203345361701,39.92388169795224
387,2023/02/14 21:15:33,-30.662274452153873,31.195498436620177,61.85777288877405,-19.661848244335225,20.26203345361701,39.92388169795224
388,2023/02/14 21:15:37,-30.662274452153873,31.195498436620177,61.85777288877405,-19.661848244335225,20.26203345361701,39.92388169795224
389,2023/02/14 21:15:41,-30.662274452153873,31.195498436620177,61.85777288877405,-19.661848244335225,20.26203345361701,39.92388169795224
390,2023/02/14 21:15:45,-30.662274452153873,31.195498436620177,61.85777288877405,-19.661848244335225,20.26203345361701,39.92388169795224
391,2023/02/14 21:15:49,-30.662274452153873,31.195498436620177,61.85777288877405,-19.661848244335225,20.26203345361701,39.92388169795224
392,2023/02/14 21:15:53,-30.662274452153873,31.195498436620177,61.85777288877405,-19.661848244335225,20.26203345361701,39.92388169795224
393,2023/02/14 21:15:57,-30.662274452153873,31.195498436620177,61.85777288877405,-19.742136258261446,20.26203345361701,40.00416971187846
394,2023/02/14 21:16:02,-30.662274452153873,31.195498436620177,61.85777288877405,-19.661848244335225,20.26203345361701,39.92388169795224
395,2023/02/14 21:16:06,-30.662274452153873,31.195498436620177,61.85777288877405,-19.661848244335225,20.26203345361701,39.92388169795224
396,2023/02/14 21:16:10,-30.662274452153873,31.195498436620177,61.85777288877405,-19.661848244335225,20.26203345361701,39.92388169795224
397,2023/02/14 21:16:14,-30.695775203034113,31.195498436620177,61.89127363965429,-19.661848244335225,20.26203345361701,39.92388169795224
398,2023/02/14 21:16:18,-30.662274452153873,31.195498436620177,61.85777288877405,-19.661848244335225,20.26203345361701,39.92388169795224
399,2023/02/14 21:16:22,-30.695775203034113,31.195498436620177,61.89127363965429,-19.661848244335225,20.26203345361701,39.92388169795224
400,2023/02/14 21:16:26,-30.695775203034113,31.195498436620177,61.89127363965429,-19.661848244335225,20.26203345361701,39.92388169795224
401,2023/02/14 21:16:30,-30.662274452153873,31.195498436620177,61.85777288877405,-19.661848244335225,20.26203345361701,39.92388169795224
402,2023/02/14 21:16:34,-30.662274452153873,31.195498436620177,61.85777288877405,-19.661848244335225,20.26203345361701,39.92388169795224
403,2023/02/14 21:16:38,-30.662274452153873,31.195498436620177,61.85777288877405,-19.661848244335225,20.26203345361701,39.92388169795224
404,2023/02/14 21:16:42,-30.662274452153873,31.195498436620177,61.85777288877405,-19.661848244335225,20.26203345361701,39.92388169795224
405,2023/02/14 21:16:47,-30.662274452153873,31.195498436620177,61.85777288877405,-19.661848244335225,20.26203345361701,39.92388169795224
406,2023/02/14 21:16:51,-30.662274452153873,31.195498436620177,61.85777288877405,-19.661848244335225,20.26203345361701,39.92388169795224
407,2023/02/14 21:16:55,-30.662274452153873,31.195498436620177,61.85777288877405,-19.661848244335225,20.26203345361701,39.92388169795224
408,2023/02/14 21:16:59,-30.695775203034113,31.195498436620177,61.89127363965429,-19.661848244335225,20.26203345361701,39.92388169795224
409,2023/02/14 21:17:03,-30.695775203034113,31.195498436620177,61.89127363965429,-19.661848244335225,20.26203345361701,39.92388169795224
410,2023/02/14 21:17:07,-30.662274452153873,31.195498436620177,61.85777288877405,-19.661848244335225,20.26203345361701,39.92388169795224
411,2023/02/14 21:17:11,-30.662274452153873,31.195498436620177,61.85777288877405,-19.661848244335225,20.26203345361701,39.92388169795224
412,2023/02/14 21:17:15,-30.662274452153873,31.195498436620177,61.85777288877405,-19.661848244335225,20.26203345361701,39.92388169795224
413,2023/02/14 21:17:19,-30.662274452153873,31.195498436620177,61.85777288877405,-19.661848244335225,20.26203345361701,39.92388169795224
414,2023/02/14 21:17:23,-30.662274452153873,31.195498436620177,61.85777288877405,-19.661848244335225,20.26203345361701,39.92388169795224
415,2023/02/14 21:17:28,-30.662274452153873,31.195498436620177,61.85777288877405,-19.661848244335225,20.26203345361701,39.92388169795224
416,2023/02/14 21:17:32,-30.695775203034113,31.195498436620177,61.89127363965429,-19.661848244335225,20.26203345361701,39.92388169795224
417,2023/02/14 21:17:36,-30.662274452153873,31.195498436620177,61.85777288877405,-19.661848244335225,20.26203345361701,39.92388169795224
418,2023/02/14 21:17:40,-30.662274452153873,31.195498436620177,61.85777288877405,-19.661848244335225,20.26203345361701,39.92388169795224
419,2023/02/14 21:17:44,-30.662274452153873,31.195498436620177,61.85777288877405,-19.661848244335225,20.26203345361701,39.92388169795224
420,2023/02/14 21:17:48,-30.695775203034113,31.195498436620177,61.89127363965429,-19.661848244335225,20.26203345361701,39.92388169795224
421,2023/02/14 21:17:52,-30.662274452153873,31.195498436620177,61.85777288877405,-19.661848244335225,20.26203345361701,39.92388169795224
422,2023/02/14 21:17:56,-30.695775203034113,31.195498436620177,61.89127363965429,-19.661848244335225,20.26203345361701,39.92388169795224
423,2023/02/14 21:18:00,-30.662274452153873,31.195498436620177,61.85777288877405,-19.661848244335225,20.26203345361701,39.92388169795224
424,2023/02/14 21:18:04,-30.695775203034113,31.195498436620177,61.89127363965429,-19.661848244335225,20.26203345361701,39.92388169795224
425,2023/02/14 21:18:09,-30.662274452153873,31.195498436620177,61.85777288877405,-19.661848244335225,20.26203345361701,39.92388169795224
426,2023/02/14 21:18:13,-30.662274452153873,31.195498436620177,61.85777288877405,-19.661848244335225,20.26203345361701,39.92388169795224
427,2023/02/14 21:18:17,-30.662274452153873,31.195498436620177,61.85777288877405,-19.661848244335225,20.26203345361701,39.92388169795224
428,2023/02/14 21:18:21,-30.695775203034113,31.195498436620177,61.89127363965429,-19.661848244335225,20.26203345361701,39.92388169795224
429,2023/02/14 21:18:25,-30.695775203034113,31.195498436620177,61.89127363965429,-19.661848244335225,20.26203345361701,39.92388169795224
430,2023/02/14 21:18:29,-30.695775203034113,31.195498436620177,61.89127363965429,-19.742136258261446,20.26203345361701,40.00416971187846
431,2023/02/14 21:18:33,-30.662274452153873,31.195498436620177,61.85777288877405,-19.661848244335225,20.26203345361701,39.92388169795224
432,2023/02/14 21:18:37,-30.695775203034113,31.195498436620177,61.89127363965429,-19.661848244335225,20.26203345361701,39.92388169795224
433,2023/02/14 21:18:41,-30.662274452153873,31.195498436620177,61.85777288877405,-19.661848244335225,20.26203345361701,39.92388169795224
434,2023/02/14 21:18:45,-30.662274452153873,31.195498436620177,61.85777288877405,-19.661848244335225,20.26203345361701,39.92388169795224
435,2023/02/14 21:18:50,-30.662274452153873,31.195498436620177,61.85777288877405,-19.661848244335225,20.26203345361701,39.92388169795224
436,2023/02/14 21:18:54,-30.695775203034113,31.195498436620177,61.89127363965429,-19.661848244335225,20.26203345361701,39.92388169795224
437,2023/02/14 21:18:58,-30.662274452153873,31.195498436620177,61.85777288877405,-19.661848244335225,20.26203345361701,39.92388169795224
438,2023/02/14 21:19:02,-30.662274452153873,31.195498436620177,61.85777288877405,-19.661848244335225,20.26203345361701,39.92388169795224
439,2023/02/14 21:19:06,-30.662274452153873,31.195498436620177,61.85777288877405,-19.661848244335225,20.26203345361701,39.92388169795224
440,2023/02/14 21:19:10,-30.662274452153873,31.195498436620177,61.85777288877405,-19.661848244335225,20.26203345361701,39.92388169795224
441,2023/02/14 21:19:14,-30.695775203034113,31.195498436620177,61.89127363965429,-19.661848244335225,20.26203345361701,39.92388169795224
442,2023/02/14 21:19:18,-30.662274452153873,31.195498436620177,61.85777288877405,-19.661848244335225,20.26203345361701,39.92388169795224
443,2023/02/14 21:19:22,-30.662274452153873,31.195498436620177,61.85777288877405,-19.742136258261446,20.26203345361701,40.00416971187846
444,2023/02/14 21:19:26,-30.695775203034113,31.195498436620177,61.89127363965429,-19.661848244335225,20.26203345361701,39.92388169795224
445,2023/02/14 21:19:30,-30.662274452153873,31.195498436620177,61.85777288877405,-19.661848244335225,20.26203345361701,39.92388169795224
446,2023/02/14 21:19:35,-30.662274452153873,31.195498436620177,61.85777288877405,-19.661848244335225,20.26203345361701,39.92388169795224
447,2023/02/14 21:19:39,-30.695775203034113,31.195498436620177,61.89127363965429,-19.661848244335225,20.26203345361701,39.92388169795224
448,2023/02/14 21:19:43,-30.662274452153873,31.195498436620177,61.85777288877405,-19.661848244335225,20.26203345361701,39.92388169795224
449,2023/02/14 21:19:47,-30.662274452153873,31.195498436620177,61.85777288877405,-19.661848244335225,20.26203345361701,39.92388169795224
450,2023/02/14 21:19:51,-30.662274452153873,31.195498436620177,61.85777288877405,-19.661848244335225,20.26203345361701,39.92388169795224
451,2023/02/14 21:19:55,-30.662274452153873,31.195498436620177,61.85777288877405,-19.661848244335225,20.26203345361701,39.92388169795224
452,2023/02/14 21:19:59,-30.662274452153873,31.195498436620177,61.85777288877405,-19.661848244335225,20.26203345361701,39.92388169795224
453,2023/02/14 21:20:03,-30.662274452153873,31.195498436620177,61.85777288877405,-19.661848244335225,20.26203345361701,39.92388169795224
454,2023/02/14 21:20:07,-30.662274452153873,31.195498436620177,61.85777288877405,-19.661848244335225,20.26203345361701,39.92388169795224
455,2023/02/14 21:20:11,-30.695775203034113,31.195498436620177,61.89127363965429,-19.661848244335225,20.26203345361701,39.92388169795224
456,2023/02/14 21:20:16,-30.695775203034113,31.195498436620177,61.89127363965429,-19.661848244335225,20.26203345361701,39.92388169795224
457,2023/02/14 21:20:20,-30.662274452153873,31.195498436620177,61.85777288877405,-19.661848244335225,20.26203345361701,39.92388169795224
458,2023/02/14 21:20:24,-30.662274452153873,31.195498436620177,61.85777288877405,-19.661848244335225,20.26203345361701,39.92388169795224
459,2023/02/14 21:20:28,-30.662274452153873,31.195498436620177,61.85777288877405,-19.661848244335225,20.26203345361701,39.92388169795224
460,2023/02/14 21:20:32,-30.662274452153873,31.195498436620177,61.85777288877405,-19.661848244335225,20.26203345361701,39.92388169795224
461,2023/02/14 21:20:36,-30.695775203034113,31.195498436620177,61.89127363965429,-19.661848244335225,20.26203345361701,39.92388169795224
462,2023/02/14 21:20:40,-30.662274452153873,31.195498436620177,61.85777288877405,-19.661848244335225,20.26203345361701,39.92388169795224
463,2023/02/14 21:20:44,-30.695775203034113,31.195498436620177,61.89127363965429,-19.661848244335225,20.26203345361701,39.92388169795224
464,2023/02/14 21:20:48,-30.662274452153873,31.195498436620177,61.85777288877405,-19.661848244335225,20.26203345361701,39.92388169795224
465,2023/02/14 21:20:52,-30.662274452153873,31.195498436620177,61.85777288877405,-19.661848244335225,20.26203345361701,39.92388169795224
466,2023/02/14 21:20:57,-30.662274452153873,31.195498436620177,61.85777288877405,-19.661848244335225,20.26203345361701,39.92388169795224
467,2023/02/14 21:21:01,-30.662274452153873,31.195498436620177,61.85777288877405,-19.661848244335225,20.26203345361701,39.92388169795224
468,2023/02/14 21:21:05,-30.662274452153873,31.195498436620177,61.85777288877405,-19.661848244335225,20.26203345361701,39.92388169795224
469,2023/02/14 21:21:09,-30.662274452153873,31.195498436620177,61.85777288877405,-19.661848244335225,20.26203345361701,39.92388169795224
470,2023/02/14 21:21:13,-30.695775203034113,31.195498436620177,61.89127363965429,-19.661848244335225,20.26203345361701,39.92388169795224
471,2023/02/14 21:21:17,-30.662274452153873,31.195498436620177,61.85777288877405,-19.661848244335225,20.26203345361701,39.92388169795224
472,2023/02/14 21:21:21,-30.662274452153873,31.195498436620177,61.85777288877405,-19.661848244335225,20.26203345361701,39.92388169795224
473,2023/02/14 21:21:25,-30.695775203034113,31.195498436620177,61.89127363965429,-19.661848244335225,20.26203345361701,39.92388169795224
474,2023/02/14 21:21:29,-30.662274452153873,31.195498436620177,61.85777288877405,-19.661848244335225,20.26203345361701,39.92388169795224
475,2023/02/14 21:21:33,-30.662274452153873,31.195498436620177,61.85777288877405,-19.661848244335225,20.26203345361701,39.92388169795224
476,2023/02/14 21:21:37,-30.662274452153873,31.195498436620177,61.85777288877405,-19.661848244335225,20.26203345361701,39.92388169795224
477,2023/02/14 21:21:42,-30.662274452153873,31.195498436620177,61.85777288877405,-19.661848244335225,20.26203345361701,39.92388169795224
478,2023/02/14 21:21:46,-30.662274452153873,31.195498436620177,61.85777288877405,-19.661848244335225,20.26203345361701,39.92388169795224
479,2023/02/14 21:21:50,-30.662274452153873,31.195498436620177,61.85777288877405,-19.661848244335225,20.26203345361701,39.92388169795224
480,2023/02/14 21:21:54,-30.662274452153873,31.195498436620177,61.85777288877405,-19.702002323222228,20.26203345361701,39.96403577683924
481,2023/02/14 21:21:58,-30.695775203034113,31.195498436620177,61.89127363965429,-19.661848244335225,20.26203345361701,39.92388169795224
482,2023/02/14 21:22:02,-30.662274452153873,31.195498436620177,61.85777288877405,-19.742136258261446,20.26203345361701,40.00416971187846
483,2023/02/14 21:22:06,-30.695775203034113,31.195498436620177,61.89127363965429,-19.661848244335225,20.26203345361701,39.92388169795224
484,2023/02/14 21:22:10,-30.662274452153873,31.195498436620177,61.85777288877405,-19.661848244335225,20.26203345361701,39.92388169795224
485,2023/02/14 21:22:14,-30.662274452153873,31.195498436620177,61.85777288877405,-19.661848244335225,20.26203345361701,39.92388169795224
486,2023/02/14 21:22:18,-30.695775203034113,31.195498436620177,61.89127363965429,-19.661848244335225,20.26203345361701,39.92388169795224
487,2023/02/14 21:22:23,-30.662274452153873,31.195498436620177,61.85777288877405,-19.661848244335225,20.26203345361701,39.92388169795224
488,2023/02/14 21:22:27,-30.662274452153873,31.195498436620177,61.85777288877405,-19.661848244335225,20.26203345361701,39.92388169795224
489,2023/02/14 21:22:31,-30.662274452153873,31.195498436620177,61.85777288877405,-19.661848244335225,20.26203345361701,39.92388169795224
490,2023/02/14 21:22:35,-30.662274452153873,31.195498436620177,61.85777288877405,-19.661848244335225,20.26203345361701,39.92388169795224
491,2023/02/14 21:22:39,-30.662274452153873,31.195498436620177,61.85777288877405,-19.661848244335225,20.26203345361701,39.92388169795224
492,2023/02/14 21:22:43,-30.662274452153873,31.195498436620177,61.85777288877405,-19.661848244335225,20.26203345361701,39.92388169795224
493,2023/02/14 21:22:47,-30.662274452153873,31.195498436620177,61.85777288877405,-19.661848244335225,20.26203345361701,39.92388169795224
494,2023/02/14 21:22:51,-30.662274452153873,31.195498436620177,61.85777288877405,-19.661848244335225,20.26203345361701,39.92388169795224
495,2023/02/14 21:22:55,-30.662274452153873,31.195498436620177,61.85777288877405,-19.661848244335225,20.26203345361701,39.92388169795224
496,2023/02/14 21:22:59,-30.662274452153873,31.195498436620177,61.85777288877405,-19.661848244335225,20.26203345361701,39.92388169795224
497,2023/02/14 21:23:04,-30.662274452153873,31.195498436620177,61.85777288877405,-19.661848244335225,20.26203345361701,39.92388169795224
498,2023/02/14 21:23:08,-30.662274452153873,31.195498436620177,61.85777288877405,-19.661848244335225,20.26203345361701,39.92388169795224
499,2023/02/14 21:23:12,-30.662274452153873,31.195498436620177,61.85777288877405,-19.742136258261446,20.26203345361701,40.00416971187846
500,2023/02/14 21:23:16,-30.695775203034113,31.195498436620177,61.89127363965429,-19.661848244335225,20.26203345361701,39.92388169795224
501,2023/02/14 21:23:20,-30.662274452153873,31.195498436620177,61.85777288877405,-19.661848244335225,20.26203345361701,39.92388169795224
502,2023/02/14 21:23:24,-30.662274452153873,31.195498436620177,61.85777288877405,-19.661848244335225,20.26203345361701,39.92388169795224
503,2023/02/14 21:23:28,-30.662274452153873,31.195498436620177,61.85777288877405,-19.661848244335225,20.26203345361701,39.92388169795224
504,2023/02/14 21:23:32,-30.695775203034113,31.195498436620177,61.89127363965429,-19.661848244335225,20.26203345361701,39.92388169795224
505,2023/02/14 21:23:36,-30.662274452153873,31.195498436620177,61.85777288877405,-19.661848244335225,20.26203345361701,39.92388169795224
506,2023/02/14 21:23:40,-30.662274452153873,31.195498436620177,61.85777288877405,-19.661848244335225,20.26203345361701,39.92388169795224
507,2023/02/14 21:23:45,-30.662274452153873,31.195498436620177,61.85777288877405,-19.661848244335225,20.26203345361701,39.92388169795224
508,2023/02/14 21:23:49,-30.662274452153873,31.195498436620177,61.85777288877405,-19.661848244335225,20.26203345361701,39.92388169795224
509,2023/02/14 21:23:53,-30.662274452153873,31.195498436620177,61.85777288877405,-19.742136258261446,20.26203345361701,40.00416971187846
510,2023/02/14 21:23:57,-30.662274452153873,31.195498436620177,61.85777288877405,-19.661848244335225,20.26203345361701,39.92388169795224
511,2023/02/14 21:24:01,-30.662274452153873,31.195498436620177,61.85777288877405,-19.661848244335225,20.26203345361701,39.92388169795224
512,2023/02/14 21:24:05,-30.662274452153873,31.195498436620177,61.85777288877405,-19.661848244335225,20.26203345361701,39.92388169795224
513,2023/02/14 21:24:09,-30.662274452153873,31.195498436620177,61.85777288877405,-19.661848244335225,20.26203345361701,39.92388169795224
514,2023/02/14 21:24:13,-30.662274452153873,31.195498436620177,61.85777288877405,-19.661848244335225,20.26203345361701,39.92388169795224
515,2023/02/14 21:24:17,-30.695775203034113,31.195498436620177,61.89127363965429,-19.661848244335225,20.26203345361701,39.92388169795224
516,2023/02/14 21:24:21,-30.662274452153873,31.195498436620177,61.85777288877405,-19.661848244335225,20.26203345361701,39.92388169795224
517,2023/02/14 21:24:25,-30.662274452153873,31.195498436620177,61.85777288877405,-19.661848244335225,20.26203345361701,39.92388169795224
518,2023/02/14 21:24:30,-30.695775203034113,31.195498436620177,61.89127363965429,-19.661848244335225,20.26203345361701,39.92388169795224
519,2023/02/14 21:24:34,-30.662274452153873,31.195498436620177,61.85777288877405,-19.661848244335225,20.26203345361701,39.92388169795224
520,2023/02/14 21:24:38,-30.662274452153873,31.195498436620177,61.85777288877405,-19.661848244335225,20.26203345361701,39.92388169795224
521,2023/02/14 21:24:42,-30.662274452153873,31.195498436620177,61.85777288877405,-19.661848244335225,20.26203345361701,39.92388169795224
522,2023/02/14 21:24:46,-30.662274452153873,31.195498436620177,61.85777288877405,-19.661848244335225,20.26203345361701,39.92388169795224
523,2023/02/14 21:24:50,-30.662274452153873,31.195498436620177,61.85777288877405,-19.661848244335225,20.26203345361701,39.92388169795224
524,2023/02/14 21:24:54,-30.662274452153873,31.195498436620177,61.85777288877405,-19.661848244335225,20.26203345361701,39.92388169795224
